codigo,year,freez,hum,lev_max,lev_mid,lev_min,rain,rain_1mm,rain_cum,rain_max_10,rain_max_day,sun,temp_avg,temp_max_abs,temp_max_avg,temp_min_abs,wind_avg,wind_max,wind_max_avg
C002,2017,1.3333333333333333,77.94166666666666,1.1809124812701133,0.34782254578783456,0.184736530859445,14.083333333333334,10.5,105.53333333333335,9.8,39.9,11.958333333333334,14.424999999999999,37.2,25.8,2.5,4.775,95.8,39.7
C003,2017,1.25,77.53333333333332,1.1352986117424844,0.33557833726434455,0.1819119245195934,14.583333333333334,10.833333333333334,123.64166666666667,6.7,75.5,11.933333333333332,14.250000000000002,38.2,26.4,1.9,5.991666666666666,99.7,42.0
C007,2017,0.6666666666666666,80.32009402107407,1.0644472297558722,0.3353724878606128,0.1753492517722816,15.232022815530778,11.155128398887841,104.5366452811562,5.049583329039599,30.925621004888164,12.016666666666667,14.625,36.1,23.4,3.8,13.200000000000003,142.6,55.4
C009,2017,0.5173639786430323,79.41068330155905,3.824,0.5073096504728998,0.1881715372268753,16.001239495089965,11.938476718733178,123.9359095852094,3.465484697668506,43.7,12.535761513794936,13.795950581033516,37.9,26.4,5.4,11.021926254606344,75.7274598994344,40.18781310643103
C00A,2017,4.25,73.96666666666667,0.9743553826086832,0.33019171487904103,0.1579649162142505,14.812226500054598,10.956362374719617,102.70173043844848,3.832208284482627,32.14828957337643,14.25,12.408333333333333,35.8,28.3,-0.4,11.350000000000001,118.8,48.7
C00B,2017,2.6829157190460484,75.65849313310062,0.934272233321928,0.3345707138086082,0.1722895154273629,12.520546902089405,8.392666835965038,66.62240631316004,8.0,33.2,12.531639388581839,13.05663299162912,34.8,26.3,0.6,7.255369451759088,119.9,40.13447885888255
C016,2017,4.333333333333333,79.42500000000001,1.0894408936075608,0.3296354462045144,0.1781710031573005,11.416666666666666,7.166666666666667,55.50833333333333,6.6,30.8,13.766666666666666,11.683333333333332,34.6,26.5,-1.7,8.308333333333335,107.6,43.1
C017,2017,0.9166666666666666,84.54166666666667,0.9719384170104288,0.35624313158247395,0.1792232838506947,15.333333333333334,11.166666666666666,135.13333333333333,9.4,62.1,12.56117215362587,14.275,37.5,25.0,2.7,9.183333333333332,96.5,46.3
C018,2017,0.3333333333333333,74.9,1.2280537616871736,0.34139292256977366,0.1775758357673215,14.916643717725814,11.125592827474561,101.32821127989622,4.404345171075293,34.231787145979915,11.949999999999998,15.200000000000001,37.2,24.4,4.6,11.941666666666668,125.6,56.0
C019,2017,0.3333333333333333,81.66666666666667,1.1025198639774425,0.32613137873400116,0.1747463245703421,15.083333333333334,12.166666666666666,111.21666666666665,8.9,47.5,11.608333333333334,13.050000000000002,33.5,22.0,4.5,23.29958245162499,163.1,70.6
C020,2017,5.333333333333333,76.40833333333333,0.9787085980096338,0.32970116779580055,0.1685900791180617,10.333333333333334,6.666666666666667,39.53333333333333,3.7,34.1,14.05833333333333,11.649999999999999,35.6,27.4,-1.8,9.316666666666666,116.3,51.0
C021,2017,5.416666666666667,79.42500000000001,0.92145421854126,0.33984879837314774,0.1797229593375802,15.426881788949762,11.007974211052607,107.17039725693643,3.504326037209052,28.690193519811395,12.401765881321587,10.116666666666665,31.9,24.1,-1.8,15.950000000000001,131.8,58.4
C022,2017,4.0,84.28333333333333,1.0560694100052397,0.3376239479715213,0.1799701812814579,15.916666666666666,11.583333333333334,129.25833333333333,6.4,76.0,12.083333333333334,9.933333333333335,31.4,21.2,-0.8,9.491666666666667,103.3,49.6
C023,2017,2.5,76.10833333333333,1.1345673164499914,0.331554987315711,0.1835255690929387,13.416666666666666,9.833333333333334,117.35000000000001,7.8,79.8,12.708333333333334,12.758333333333335,37.8,26.5,0.0,6.0249999999999995,122.0,47.7
C024,2017,7.166666666666667,79.0,0.9291645862392206,0.33169430632049357,0.1745232678686104,12.75,9.833333333333334,91.10833333333335,7.9,41.6,13.800000000000002,9.674999999999999,31.2,23.3,-2.8,12.883333333333333,130.7,54.4
C025,2017,2.8333333333333335,81.325,0.9492129711065452,0.33546586420267194,0.1854789383829996,15.486770145965892,11.025856162515026,107.2233906683566,4.462700574695431,29.041280141370567,12.425745509747024,11.499999999999998,36.3,25.9,0.7,15.883482574225575,149.0,61.8
C026,2017,4.416666666666667,82.39999999999999,0.9560472709279012,0.33906538972114003,0.1816392750907018,15.25,12.166666666666666,184.7916666666667,9.3,116.8,12.571873469056447,11.775,35.0,24.0,-1.7,6.2250000000000005,92.2,43.6
C028,2017,1.3333333333333333,78.44166666666666,0.9385416466415704,0.3409215950351716,0.1820429741521332,14.416666666666666,10.833333333333334,110.95,13.0,64.0,12.519192730999743,13.066666666666665,35.7,26.2,1.7,8.858333333333333,118.8,53.4
C029,2017,1.25,81.99166666666666,1.0494009188858642,0.34220654454407634,0.1813867668836329,14.916666666666666,11.75,138.20000000000002,9.0,80.4,11.866666666666667,14.366666666666665,39.4,25.4,2.4,7.941666666666667,113.0,49.0
C030,2017,6.0,77.36307181978823,1.032691827745457,0.3301898791453359,0.1805020427191058,10.833333333333334,7.75,68.125,8.6,37.2,13.800000000000002,11.658333333333333,35.2,27.1,-2.3,7.825000000000002,108.4,47.5
C031,2017,0.9166666666666666,68.31666666666668,1.0545940591232696,0.3238391598059613,0.1516221607122465,8.333333333333334,5.583333333333333,32.550000000000004,9.2,60.5,14.916666666666666,14.549999999999999,38.3,29.8,2.1,13.716666666666667,113.4,51.6
C032,2017,1.8333333333333333,78.2577605874922,1.4509999999999998,0.2826666666666666,0.1859081742575672,13.416666666666666,10.083333333333334,96.575,10.2,55.3,12.574843363785495,13.316666666666665,37.3,25.8,1.5,4.7371309520260505,63.7,35.3
C033,2017,1.4166666666666667,79.825,1.114795453398045,0.338103956052167,0.1803443468414604,14.75,11.25,116.94166666666666,4.8,88.2,11.983333333333333,14.324999999999998,37.1,26.3,2.0,7.539592788634075,100.8,43.6
C034,2017,4.75,75.575,0.9932425178180742,0.33449215757899503,0.1797241172217856,10.25,6.916666666666667,44.5,8.8,25.2,14.194697942167103,12.208333333333334,35.8,28.4,-1.3,6.7716529161719805,96.5,40.24941185825893
C035,2017,4.25,85.33333333333333,1.1008802326227771,0.3367961727008261,0.1822029895252846,12.916666666666666,9.333333333333334,89.55,6.3,54.9,13.516666666666667,11.608333333333333,34.2,24.2,-0.1,6.458333333333333,100.4,41.5
C036,2017,1.1666666666666667,84.04166666666667,1.1237521964655302,0.3370945996914572,0.179611647158229,14.0,10.666666666666666,112.7,8.4,62.3,12.608333333333334,14.016666666666666,38.7,26.0,2.5,8.65,101.5,48.5
C037,2017,1.0833333333333333,80.34166666666665,1.0646897255044552,0.33799354804693155,0.1852049881979244,15.0,10.75,121.75833333333333,6.8,93.6,12.183333333333335,13.841666666666663,36.6,25.4,2.2,9.058333333333334,129.2,48.5
C038,2017,0.4166666666666667,72.48333333333333,0.9871535011802116,0.32869382465830776,0.1624019930924966,14.75,10.833333333333334,102.39166666666667,5.9,57.0,12.509580141788087,15.200000000000001,37.0,25.7,4.4,7.208333333333333,95.0,43.6
C039,2017,0.16666666666666666,79.14166666666667,1.0769057891417428,0.3250701003559372,0.1719244514335506,14.0,9.5,96.21666666666668,10.3,69.8,12.249999999999998,14.791666666666664,37.9,24.7,5.2,11.108333333333333,104.0,49.5
C040,2017,1.3333333333333333,74.84166666666668,1.0854193958223275,0.33127542814081573,0.1696602771998796,14.672786368862411,11.169060230067997,105.34269725340259,4.836964512850869,31.73946376949912,14.041666666666666,13.558333333333332,34.8,26.2,1.5,8.65,143.3,50.8
C041,2017,6.416666666666667,79.93333333333332,1.0159641640261934,0.33852434001307125,0.1686410309925614,10.666666666666666,7.5,52.29999999999999,8.7,28.8,14.074999999999998,11.183333333333335,34.6,26.5,-1.8,9.141666666666667,116.6,49.3
C042,2017,0.16666666666666666,77.10833333333333,1.087003209228666,0.3289393650101203,0.1669731509739492,13.916666666666666,10.75,88.10833333333333,4.5,39.3,12.799999999999999,15.249999999999998,35.7,23.7,5.4,17.900000000000002,145.1,66.8
C043,2017,1.75,84.68333333333332,1.1849903314663743,0.3400113270373916,0.1852556046338667,13.083333333333334,9.75,102.61666666666667,6.6,61.2,12.350000000000001,14.05833333333333,37.2,26.9,1.5,6.366344912438012,121.0,45.2
C044,2017,3.75,85.50833333333333,1.0011769423014358,0.3435984265099073,0.1827769658949929,12.333333333333334,8.916666666666666,102.44166666666666,7.4,106.6,12.554011102080826,10.625,33.6,23.1,-0.1,11.471552868076694,82.76819724503193,40.26196492621276
C045,2017,0.6666666666666666,86.85833333333335,1.0343615560309682,0.35515938167094757,0.1791248475424865,15.166666666666666,10.083333333333334,97.67500000000001,8.9,56.3,12.458862773140956,11.916666666666664,34.0,22.5,3.1,16.983677939735,146.2,67.0
C046,2017,2.1666666666666665,82.65833333333333,0.9695674736613112,0.3180789970780871,0.1753632060162682,15.75,12.5,97.94166666666668,9.7,49.6,12.224522578878096,10.116666666666665,31.4,19.6,1.0,25.98333333333333,129.2,70.8
C047,2017,4.5,79.45,0.968678094323062,0.32313437398140105,0.1742761887967107,14.0,9.25,67.51666666666667,7.9,35.3,12.314111115078882,9.708333333333334,30.5,22.0,-1.1,20.008333333333333,140.8,66.4
C048,2017,4.666666666666667,78.44166666666668,0.9611372932679478,0.3224546792051265,0.1729939960313641,12.166666666666666,8.333333333333334,53.93333333333334,10.9,36.2,13.366666666666665,10.241666666666665,30.8,22.7,-0.3,17.15,135.0,66.0
C049,2017,5.5,75.75,0.9945596343366532,0.3474574928994727,0.1757039246250056,10.083333333333334,7.0,46.991666666666674,6.6,26.5,12.505815887304088,11.5,35.6,26.9,-1.5,10.533969604894343,84.9860450966467,40.20891836941005
C050,2017,3.5833333333333335,71.09166666666665,1.01633513124651,0.32161777395771846,0.174756966669166,9.083333333333334,6.0,30.808333333333326,3.9,23.4,13.808333333333332,12.941666666666668,37.2,29.2,-0.5,9.583333333333332,133.2,46.1
C051,2017,2.0833333333333335,73.91666666666666,1.739,0.1665,0.1246973177340447,12.333333333333334,8.583333333333334,69.60833333333333,7.3,37.3,12.558333333333332,13.908333333333333,38.6,26.9,1.3,6.05,129.2,43.6
C052,2017,2.0,80.05,2.689,0.3109482937846966,0.12466297379523,15.25,12.416666666666666,183.73333333333335,9.6,95.1,12.531361314570871,12.341666666666667,34.8,23.8,0.5,11.029894435881822,81.73030248618645,40.25039049932086
C054,2017,5.25,83.49166666666667,2.815,0.219,0.1164105790097611,13.833333333333334,9.916666666666666,114.60000000000001,3.8,77.4,12.875,11.058333333333332,34.2,24.2,-1.6,5.925000000000001,74.5,37.3
C055,2017,5.333333333333333,78.84166666666667,2.217,0.2205005385346652,0.1479752975638055,11.583333333333334,7.916666666666667,70.61666666666667,7.9,46.9,12.519425635336193,11.674999999999997,34.0,25.8,-1.8,10.653037782854824,83.49104704588453,40.23735978283562
C056,2017,4.25,78.39166666666667,1.57,0.3435000000000001,0.1659423010772759,11.0,7.75,52.15833333333333,11.7,34.9,12.555617672814108,11.658333333333333,34.4,25.9,-1.4,7.425,108.0,46.6
C057,2017,1.25,85.39999999999999,5.122999999999999,0.6380833333333334,0.1821204107642849,14.416666666666666,11.333333333333334,113.33333333333333,4.3,45.1,12.225000000000001,15.199999999999996,38.1,26.9,3.1,7.108333333333333,91.8,44.2
C058,2017,2.0,78.85833333333333,1.074748413747521,0.33893846974620717,0.1795688799845292,16.166666666666668,11.583333333333334,167.94166666666666,10.1,112.3,12.516666666666667,11.708333333333334,32.6,22.4,0.2,8.583333333333334,107.3,48.9
C059,2017,2.25,77.29166666666666,0.9601960961006484,0.33107920118174594,0.1792696836997343,11.666666666666666,8.75,103.01666666666665,13.5,47.3,12.555169259555093,12.625,36.2,24.4,0.9,7.449999999999999,126.4,52.1
C060,2017,2.4166666666666665,69.41666666666667,1.0440279653535185,0.3165487308855686,0.1640928419557335,8.583333333333334,5.333333333333333,34.483333333333334,14.7,30.5,14.94166666666667,13.200000000000001,35.1,28.1,0.4,11.058333333333332,107.3,50.5
C061,2017,0.8333333333333334,83.03333333333333,1.1013343254950465,0.3453929325952571,0.1766345181487057,14.666666666666666,11.083333333333334,114.88333333333334,6.6,74.9,11.183333333333332,13.433333333333335,34.1,23.6,2.9,11.54166666666667,142.9,59.4
C063,2017,2.0833333333333335,80.775,1.484,0.21658333333333335,0.1410587433502921,14.416666666666666,10.833333333333334,114.78333333333335,9.7,47.0,12.526742878641187,14.033333333333331,37.8,25.6,2.0,11.07345025394443,80.26314820906147,40.28750221208679
C064,2017,0.3333333333333333,77.32499999999999,0.9857120385738716,0.3349744625519357,0.184215813436092,14.333333333333334,11.25,98.90833333333335,8.3,42.5,12.48766465585782,14.558333333333335,36.4,24.0,4.5,13.616666666666665,141.5,58.4
C065,2017,0.5833333333333334,79.85,1.0713960799657989,0.32547893482823587,0.1662240446181674,13.166666666666666,9.583333333333334,111.90000000000002,9.1,80.2,11.966666666666667,12.341666666666667,34.2,22.4,3.1,14.325000000000001,173.9,66.8
C066,2017,1.4166666666666667,81.24733393141165,0.9735912846679214,0.323036773074822,0.1824402924267844,15.408090599225323,10.97277458901844,106.51946763232752,3.839167338722088,27.11704820414304,12.382621130554298,11.375,33.9,22.1,1.5,18.733333333333334,137.2,65.7
C067,2017,1.5833333333333333,79.9387155960501,1.7719999999999998,0.21366666666666664,0.1429277871141249,13.416666666666666,9.583333333333334,92.8,8.5,48.0,12.584714147204672,13.841666666666663,38.3,26.7,1.3,6.640030796836264,98.3,40.5
C068,2017,4.333333333333333,75.475,0.9420138921408316,0.33735723170732523,0.1639431916340049,12.083333333333334,9.416666666666666,96.70833333333333,8.1,56.5,12.466008840813737,12.016666666666667,34.5,25.6,-1.2,13.608333333333334,147.2,57.2
C069,2017,0.0,80.89166666666667,1.0548429183183854,0.3305956221587231,0.1757093438212547,14.583333333333334,11.583333333333334,121.04166666666664,5.8,42.2,12.575000000000001,15.049999999999999,34.2,24.1,5.7,10.441666666666668,111.2,54.5
C070,2017,4.583333333333333,80.39166666666667,0.9851993218240956,0.34372052756606136,0.1778553405664337,11.416666666666666,6.833333333333333,42.39166666666666,4.0,37.0,12.525861234923298,9.841666666666667,31.4,22.3,-0.5,10.995919669446783,84.37765082267138,40.223994337883525
C071,2017,0.8333333333333334,80.24999999999999,0.9665144389921042,0.3233161567497635,0.1797667564318876,15.429847205134578,11.07314778808645,109.29404344470646,4.245596166500704,28.91315442999609,12.356761039531072,12.908333333333333,35.3,22.4,3.0,20.825,136.8,64.2
C072,2017,3.0833333333333335,81.18333333333332,0.9716342242238084,0.3241104033616263,0.1738064058547471,14.916666666666666,9.916666666666666,89.83333333333333,8.5,70.7,12.304643681369747,10.091666666666667,32.6,20.9,0.4,21.75,188.3,78.5
C074,2017,1.4166666666666667,82.79166666666667,0.94,0.16466666666666666,0.1387614265447879,14.75,11.0,108.02499999999999,3.7,51.0,12.539031660290021,13.991666666666665,37.9,26.9,1.4,11.271438238233692,80.04950838295944,40.322495041636266
C075,2017,1.1666666666666667,80.71203516961862,1.0176589619527694,0.3362822162693344,0.1846152064603388,14.833333333333334,11.5,121.30000000000001,7.6,62.2,12.581382764815991,13.908333333333333,39.0,26.8,2.3,5.483333333333333,84.2,40.9
C076,2017,4.666666666666667,80.36666666666666,1.404,0.07500000000000002,0.1278742737040193,11.083333333333334,7.5,54.666666666666664,3.0,27.5,12.526053882276736,11.883333333333331,35.6,28.0,-1.6,10.840864700278999,83.86733499625898,40.22520771582556
C077,2017,1.8333333333333333,85.17499999999998,2.046,0.44791666666666674,0.1920487783341538,15.25,11.833333333333334,148.12500000000003,10.3,78.6,12.545874666790695,13.333333333333336,36.9,24.1,1.1,11.486998749965329,80.51691389754895,40.374310952932056
C078,2017,1.25,81.85000000000001,3.794,0.5000833333333333,0.1836352674401193,14.5,11.666666666666666,135.66666666666666,9.9,91.6,12.534759121755743,13.375,37.1,24.3,1.6,11.246980736353114,81.44348161101624,40.27830231580249
C079,2017,1.5833333333333333,80.8,2.734,0.42083333333333334,0.1753487771888412,13.916666666666666,10.75,116.625,5.5,54.2,12.534819982429987,13.575000000000001,38.4,25.4,0.6,11.087579107134554,80.84788955806114,40.27864096407943
C080,2017,2.4166666666666665,89.825,1.575,0.3601666666666667,0.1877303361347297,16.083333333333332,12.25,193.64999999999998,5.9,85.1,12.559510282582016,12.574999999999998,37.2,24.6,-0.1,11.819485805210208,81.00944240148924,40.40663921507083
C084,2017,1.3333333333333333,75.53333333333332,0.9639238982807464,0.33876547098090165,0.1799498773098168,13.666666666666666,10.916666666666666,132.99999999999997,12.8,94.3,12.512552472040506,14.325000000000001,37.5,24.8,2.2,10.735018321521586,80.67418892331668,40.31616097825327
C0A0,2017,2.551666079351173,81.50470636181782,2.04,0.2581146973862463,0.1617193035710743,11.25,8.541666666666666,78.51249999999999,9.0,63.2,12.554311771999883,12.022141425779054,35.6,25.3,-0.4,11.13203508721955,82.04300793006178,40.24696172923218
C0A1,2017,7.583333333333333,77.44166666666668,0.306,0.1785833333333333,0.1690277245614991,15.124468995208256,10.945983653614896,108.27014501993283,4.100008365350073,30.50278972841051,12.47164414600894,10.266666666666667,33.7,25.6,-3.1,10.769458109447577,83.30449373849072,40.22185732736689
C0A2,2017,5.703654409471699,79.63333333333334,1.89,0.198470466478873,0.1026749465427763,15.32232137818807,10.94244977665421,106.32501051059076,4.16521023650792,29.722063703572044,12.494476960154428,11.113638041252067,32.9,24.7,-1.3,10.849977048102518,81.84249249466897,40.20330495364048
C0A3,2017,7.333333333333333,75.90833333333333,1.666,0.49849999999999994,0.1909300485049094,14.998455614643506,10.893348829033092,109.26056731998644,4.175760299503084,28.753122377802963,12.467284171236725,10.733333333333334,34.7,26.5,-2.7,10.630427163973566,82.92758355135673,40.21745997074774
C0A4,2017,2.7072876254427385,76.79939115668024,0.8989079491701149,0.20810981083231625,0.1441085308360721,14.972439235043291,11.049025237667758,106.65919099631151,4.718871983363227,29.399870248035693,12.515641959609676,13.273733134148749,36.4,27.5,1.1,10.780115734871599,78.52144169174676,40.18993757064102
C0AA,2017,5.5,83.61666666666666,2.022,0.24199999999999997,0.1269141740109208,10.416666666666666,7.5,58.94166666666666,6.7,35.5,13.883333333333335,11.475000000000001,35.0,26.0,-1.8,9.2,107.6,45.6
C0B1,2017,1.1666666666666667,78.78333333333335,4.039,0.37041666666666667,0.1291522101267824,15.083333333333334,10.416666666666666,115.58333333333333,10.0,81.7,12.52694109896109,13.866666666666665,36.7,25.0,2.5,10.929087422382556,80.52570977872278,40.261396189455056
C0B3,2017,2.1666666666666665,81.90833333333335,2.857,0.33791666666666664,0.1504881597320864,15.333333333333334,11.166666666666666,115.1083333333333,5.6,67.3,12.542371488360274,13.325000000000001,37.1,26.0,0.7,11.183498603811847,80.06526226453089,40.25033594255886
C0B4,2017,1.3333333333333333,81.575,2.0540000000000003,0.09633333333333333,0.1218388196762483,14.083333333333334,10.083333333333334,94.40833333333332,13.0,47.5,12.608471807110684,13.166666666666666,37.6,26.0,1.1,5.043732256593798,137.5,34.9
C0B6,2017,2.3333333333333335,83.23333333333333,1.01536370353269,0.3498466089541458,0.1900075067489513,14.5,11.0,120.45833333333333,4.8,55.3,12.546860837653805,13.049999999999999,37.9,26.8,0.6,11.23787202780826,81.0295240718585,40.27761487728644
C0B7,2017,2.0,78.05833333333334,1.114,0.22049999999999995,0.1453810753946167,14.666666666666666,10.833333333333334,117.74166666666667,9.6,63.1,12.52904154880209,13.283333333333331,38.4,26.1,0.8,10.868513597081687,82.10233568250241,40.190008039791934
C0B9,2017,1.5833333333333333,82.89999999999999,2.75,0.5065000000000001,0.1951379022026108,15.416666666666666,10.916666666666666,113.375,4.9,72.6,12.536550816889767,13.658333333333333,36.7,25.4,1.4,11.279446705477667,79.78677695947998,40.312675844501285
C0BA,2017,0.75,83.71666666666667,2.32,0.24116666666666664,0.1576278079182824,14.166666666666666,10.666666666666666,113.22500000000002,8.8,46.0,12.56179068704233,14.133333333333333,37.0,24.4,2.8,11.453443645292923,79.74821822079434,40.30916617186383
C0BD,2017,2.0,83.11666666666666,1.09,0.20191666666666666,0.1397584990210988,14.583333333333334,11.583333333333334,137.79999999999998,7.7,69.4,12.545516203452841,12.833333333333336,36.8,24.3,0.5,11.279620587544235,82.26881933181963,40.29080464480192
C0BE,2017,1.0,83.06861463690602,1.816,0.25758333333333333,0.1682274178582121,14.083333333333334,11.0,120.36666666666666,7.2,61.6,12.561401275529064,14.016666666666667,38.6,24.0,2.9,11.402651393435548,79.41144542784674,40.29662068123805
C0C1,2017,1.1666666666666667,79.52499999999999,2.902,0.5810833333333334,0.172947302984178,13.166666666666666,9.666666666666666,89.45833333333333,8.9,50.5,12.537137329366276,14.44166666666667,38.5,26.4,2.9,11.03941705678888,79.2447503621788,40.24330668847034
C0C2,2017,3.8333333333333335,80.48333333333333,1.642,0.30549999999999994,0.1769595084161975,12.75,9.0,95.91666666666669,8.6,45.8,12.529795252945783,12.31666666666667,38.6,25.9,-0.9,10.953925251118273,83.43836881816611,40.20310470817483
C0C3,2017,1.5,79.38333333333334,1.0513211431585123,0.32991576947437556,0.1863461911681477,13.916666666666666,9.916666666666666,105.60833333333335,7.4,59.4,12.584466599774636,13.699999999999998,38.8,26.3,1.5,6.208333333333333,90.4,39.9
C0C4,2017,1.0075710770553412,80.0185091069202,1.669,0.35975,0.1842255125798602,15.18199863407346,11.221666347426405,110.58534650660933,3.4289565208195545,29.828186386866104,12.544779780343193,12.969818421807043,26.722881211923816,18.224141141235187,8.39614702359015,11.086671896789055,74.898141424968,40.183609933415084
C0D0,2017,1.9166666666666667,79.80833333333334,0.742,0.11283333333333333,0.1185950244678049,15.333333333333334,10.666666666666666,98.91666666666667,9.9,55.3,12.53069921897758,12.633333333333335,36.9,26.4,0.4,10.985236404106763,81.99470986473716,40.219422090704136
C0D1,2017,1.9166666666666667,81.78333333333332,2.235,0.2951666666666667,0.1528211274444141,14.0,9.75,97.425,4.9,57.7,12.546368140847255,13.225,37.0,26.5,0.5,11.139159081361429,81.40248894159281,40.26572724445372
C0D2,2017,1.5833333333333333,79.60833333333333,1.756,0.3638333333333333,0.1700766483845895,14.25,9.75,102.79999999999997,5.0,56.6,12.53095476573179,13.691666666666665,39.8,26.5,1.5,11.027702009326184,80.64083415005513,40.19746504862098
C0D3,2017,2.1666666666666665,84.64166666666668,0.461,0.09841666666666665,0.1387793812041624,15.5,11.916666666666666,117.425,10.0,55.1,12.539765751042088,12.208333333333336,36.0,24.6,0.6,11.421264400259785,81.58905330029587,40.30470114387642
C0DB,2017,3.0833333333333335,81.72500000000001,1.234,0.20591666666666664,0.1494748420906785,14.666666666666666,10.833333333333334,123.15833333333335,8.0,79.0,12.525265869518117,12.033333333333333,36.5,25.8,-0.9,11.133820813266945,82.69062810545681,40.254669882770905
C0DC,2017,1.4166666666666667,88.21666666666665,1.152,0.21516666666666662,0.1611413951160546,14.416666666666666,11.166666666666666,133.96666666666664,7.5,93.7,12.083333333333334,14.891666666666667,40.0,27.1,1.8,11.577411890350918,85.10384820924115,40.43621090355016
C0DD,2017,1.6666666666666667,81.375,2.448,0.4659166666666666,0.1770787978213889,14.75,11.583333333333334,126.96666666666665,5.9,54.5,12.535088587711625,13.450000000000001,36.8,24.3,2.1,11.189966439739754,80.95824649068447,40.29361758212468
C0DE,2017,1.75,87.96666666666668,0.8079999999999999,0.13691666666666663,0.1630447679103218,15.0,11.333333333333334,121.90833333333335,9.6,63.6,12.56309238982208,13.566666666666665,37.1,25.7,2.5,11.7281131260414,78.50513236176295,40.41810831710276
C0E1,2017,2.4166666666666665,83.0,1.356,0.2700833333333333,0.1424923729582766,14.75,10.083333333333334,96.34166666666665,9.1,66.7,12.541112824516013,13.1,36.6,25.8,-0.3,11.20317743156187,81.81500164218998,40.28236277275887
C0E5,2017,2.1666666666666665,80.05833333333334,1.5319999999999998,0.25699999999999995,0.1450686156207903,14.333333333333334,10.083333333333334,92.76666666666665,8.9,47.1,12.526588133702063,13.225000000000001,36.2,25.7,0.6,11.033466930844407,80.8660905838923,40.237986748445074
C0E7,2017,1.6666666666666667,80.08333333333333,1.164,0.16516666666666666,0.1152261429789527,13.916666666666666,10.25,100.46666666666665,6.2,63.3,12.537718370219402,13.658333333333331,37.1,27.3,0.2,11.061501096289781,81.09037258054929,40.2367935378531
C0E8,2017,1.8333333333333333,83.59055241903651,2.051,0.36883333333333335,0.1819717183059923,14.416666666666666,11.0,137.85833333333335,12.2,82.9,12.537049369713401,13.391666666666667,37.9,25.6,0.8,11.353993837440099,80.87863478086628,40.322118273570496
C0E9,2017,1.5,84.55833333333335,2.37,0.41608333333333336,0.1745224727549929,13.583333333333334,9.916666666666666,118.70833333333333,6.9,78.2,12.546789864935219,13.775,40.2,26.9,0.8,11.414407188769673,80.89674643524008,40.32277397473942
C0EA,2017,1.5,84.97500000000001,1.064,0.25083333333333335,0.1760112186450485,15.0,11.583333333333334,144.82500000000002,10.5,74.3,12.545417293522712,14.116666666666669,38.4,26.5,1.9,11.480466842937046,79.43188458404542,40.34332703993639
C0EC,2017,1.25,80.825,3.84,0.59875,0.1766198557566535,15.0,11.583333333333334,135.74166666666665,11.0,58.0,11.608333333333334,13.958333333333334,37.8,24.6,2.2,6.083333333333335,79.2,41.9
C0F0,2017,1.4166666666666667,87.43333333333332,2.1630000000000003,0.5469999999999999,0.1847474959731759,15.75,12.416666666666666,155.96666666666667,15.4,75.1,12.554704153730613,13.274999999999999,34.1,23.7,1.6,11.778518469644142,80.35190031260687,40.37665071526131
C0F1,2017,1.301186956916993,80.50106158163634,0.9914742479720812,0.354316434691837,0.1839717048589726,16.173346475542836,12.716882847143266,176.92219013981594,4.5,69.6963696387225,12.524416559882322,11.388881626673971,26.722881211923816,18.224141141235187,2.8,10.958051316437764,75.83416197189446,40.166453216085785
C0F4,2017,1.75,77.64166666666667,1.265,0.30633333333333335,0.1584584134198552,15.0,11.583333333333334,136.35833333333332,12.9,71.3,12.519289888109554,14.191666666666665,38.2,25.1,1.4,10.899286098096496,81.25151748651882,40.274878995561295
G059,2017,1.0075710770553412,80.0185091069202,1.0214112575563328,0.3432379900242679,0.1760893981914865,15.18199863407346,10.960312955513592,104.06218090725173,4.13483243326151,28.912784444882192,12.800000000000002,12.95138795057862,27.085486423088856,18.65369473827308,8.089379080339805,10.725832173946564,79.09076790582786,40.2605674046272
C002,2018,0.6666666666666666,81.50833333333333,1.1894545647914816,0.3421393903663535,0.1881025611205595,15.666666666666666,12.5,110.06666666666666,10.1,57.6,11.791666666666666,14.449999999999998,35.4,25.8,3.1,4.758333333333334,79.2,46.1
C003,2018,0.6666666666666666,77.62500000000001,1.142828222484798,0.35092497648313953,0.1720044821038792,16.0,11.916666666666666,119.44166666666668,10.9,52.2,12.344836030168784,14.575000000000001,38.7,26.8,2.8,6.125000000000001,77.0,46.3
C007,2018,0.3998157401785431,80.4473819038353,1.0757526023547117,0.3361152978025473,0.1721532851326593,15.12902928463437,11.026784478364442,105.45664699121279,5.653152836666971,30.82566518538786,11.799999999999999,14.173507185878941,30.1,24.0,4.5,12.850000000000001,120.2,65.3
C009,2018,0.25,76.36666666666666,5.234,0.9682499999999999,0.1752585268237979,15.833333333333334,12.166666666666666,121.01666666666665,5.6,58.4,12.513599202551783,15.016666666666664,38.4,27.0,3.7,10.778866176993775,75.51125304639194,40.25923700068207
C00A,2018,3.5,80.55833333333334,0.9933781377284324,0.3338224851485301,0.1656022111052424,14.995937453658781,11.056797322227728,104.57510259096028,4.091901082762029,32.66294714806474,13.199999999999998,12.266666666666666,36.0,29.0,0.7,10.791666666666666,96.1,51.3
C00B,2018,4.416666666666667,79.90833333333332,1.051398707057983,0.3295694343471948,0.1863736374963309,14.166666666666666,9.833333333333334,67.23333333333333,13.2,24.9,12.491666666666665,10.79166666666667,36.3,26.7,-0.8,6.908333333333334,125.6,60.1
C016,2018,3.0,80.1588077511444,1.0845991792979697,0.33490058440134146,0.1762448478731626,14.0,10.083333333333334,68.0,10.7,36.1,12.941666666666668,11.625,35.2,26.1,0.5,8.866666666666667,85.7,49.9
C017,2018,0.5,87.83333333333333,0.9917674675713734,0.3730126350011851,0.1795244331333125,16.416666666666668,13.0,139.225,7.9,68.6,12.577572710665661,14.450000000000001,34.5,25.8,3.3,8.85,99.0,55.0
C018,2018,0.399407899534499,78.46370429396056,1.0300035972735468,0.34701468274608466,0.1832952631912726,14.977716457595905,11.046579648827484,104.44298976503956,5.157018604151483,28.245758184760614,12.934319471332438,14.437121183073073,30.9,24.8,4.6,12.165398016973304,106.6,62.1
C019,2018,0.3333333333333333,84.64999999999999,1.0907531498559533,0.3239015316099434,0.181398970635296,16.833333333333332,13.166666666666666,115.43333333333334,8.4,44.8,11.233333333333333,12.700000000000001,31.0,21.7,2.7,24.263562277122812,144.0,90.1
C020,2018,4.583333333333333,78.94166666666666,1.0009842183918762,0.329065582252243,0.184014949100843,13.166666666666666,8.333333333333334,52.64166666666667,8.0,40.5,13.000000000000002,11.391666666666666,36.0,28.0,-0.2,9.249999999999998,95.4,55.8
C021,2018,5.416666666666667,86.0114412914774,0.9364615178095907,0.3369828583682555,0.191251936586928,15.711149259878868,11.09113310385757,107.18929055309705,4.654399065596515,28.8932297298479,12.418710197739175,9.583333333333334,32.9,24.5,-2.1,15.683333333333335,98.6,62.9
C022,2018,4.166666666666667,89.29166666666667,1.0295424561744095,0.33681843627312597,0.1822632019886978,17.833333333333332,13.333333333333334,136.46666666666667,7.4,71.3,10.791666666666666,9.95,31.5,22.0,-0.7,9.308333333333332,96.5,53.2
C023,2018,2.4166666666666665,78.31666666666668,1.1418658722859136,0.3470346241901177,0.1844905512805945,16.666666666666668,11.833333333333334,125.25,8.9,69.5,11.350000000000001,12.716666666666667,36.9,26.6,0.9,6.191666666666666,84.6,54.7
C024,2018,7.666666666666667,85.20833333333334,0.9904833123696776,0.3246052483088901,0.1803760283920216,16.583333333333332,11.833333333333334,96.25000000000001,7.9,41.4,12.808333333333332,8.924999999999999,32.0,24.1,-3.0,12.708333333333334,92.9,57.3
C025,2018,3.3333333333333335,86.80833333333334,0.936844009381896,0.33249536496934545,0.1864218412593902,15.618186485105731,11.022818183627843,108.7559174203257,4.122186125486846,27.648837291722558,12.421891065064338,10.541666666666666,33.5,24.5,-0.4,17.04166666666667,110.9,68.3
C026,2018,2.4166666666666665,81.18016294361067,0.9936224539905903,0.3422196755218239,0.1852426517360921,17.416666666666668,14.25,190.2166666666667,10.0,169.1,12.550310199552236,12.291666666666666,34.4,24.5,0.2,6.7712676946685875,86.8,45.6
C028,2018,1.25,79.92240883575472,1.0222709241088026,0.3512708853213513,0.1802720088953807,16.916666666666668,13.416666666666666,124.56666666666668,13.2,48.8,12.522482231887025,12.441666666666665,33.8,25.6,1.2,8.916666666666666,101.2,62.0
C029,2018,0.5,82.96666666666667,1.0543369157562896,0.35029120625413973,0.1747992766525357,17.666666666666668,13.333333333333334,123.38333333333333,7.9,87.3,10.866666666666667,14.483333333333336,36.9,25.9,3.0,8.549999999999999,97.9,52.6
C030,2018,4.583333333333333,79.625,1.0622708642338083,0.33339030426083954,0.1799731989861093,13.666666666666666,10.083333333333334,85.11666666666666,13.7,47.9,12.916666666666666,11.433333333333332,36.3,27.4,-0.4,7.983333333333333,87.5,48.3
C031,2018,0.6666666666666666,71.83333333333333,1.0683394710772796,0.3222251587739166,0.1633343234425048,11.166666666666666,6.583333333333333,48.10833333333334,11.1,39.4,14.174999999999997,14.049999999999999,37.4,30.6,2.4,13.475000000000001,87.5,55.8
C032,2018,1.25,79.03333333333332,1.057,0.3165833333333334,0.178795229465268,15.583333333333334,11.166666666666666,109.55000000000001,20.6,52.1,12.569574349821432,13.683333333333335,37.8,27.0,2.1,4.641666666666667,78.5,39.9
C033,2018,0.8333333333333334,79.76558312998702,1.0985482716469082,0.3480550872057191,0.1821693288872349,16.833333333333332,12.666666666666666,125.23333333333333,14.9,77.7,11.322511556762677,14.024999999999999,36.5,27.2,2.2,7.972379110532128,82.8,50.8
C034,2018,3.75,80.91666666666666,1.0599574090289583,0.33259179905254443,0.1865285815354408,13.666666666666666,8.75,59.56666666666666,16.9,45.1,12.567938493022494,11.916666666666666,36.7,28.6,0.8,6.208333333333332,85.0,47.9
C035,2018,4.583333333333333,84.28333333333333,1.115305464430398,0.33890485427982003,0.1727081005065515,16.833333333333332,11.666666666666666,106.41666666666667,19.0,50.3,12.583333333333334,10.758333333333333,33.7,24.5,-0.6,6.883333333333333,72.0,43.8
C036,2018,0.8333333333333334,79.625,1.0992045083338406,0.34447160275999605,0.1809787655121119,16.666666666666668,12.333333333333334,126.65833333333332,12.6,91.7,11.591666666666663,14.449999999999996,37.6,27.3,2.4,8.666666666666666,88.6,54.0
C037,2018,0.6511368798291625,79.44999999999999,1.1012000584433996,0.3409936975576535,0.1739839746033692,16.166666666666668,12.666666666666666,120.60833333333333,7.2,52.9,11.649999999999999,14.395194143793923,37.9,26.3,2.6,9.591666666666665,96.5,58.9
C038,2018,0.16666666666666666,75.69887882473252,0.9821476734175192,0.34696433300307766,0.1617120531287749,15.75,11.583333333333334,102.00833333333333,6.7,44.6,12.5183095165857,15.541666666666664,36.7,26.3,4.8,7.300000000000001,86.0,53.7
C039,2018,0.16666666666666666,79.375,1.070424142842217,0.3368752069479147,0.1680448697105606,14.916666666666666,10.75,90.70833333333331,8.6,42.5,11.975,14.983333333333333,39.0,25.6,4.2,11.116666666666667,107.6,57.3
C040,2018,0.6666666666666666,80.95,1.0309948084582807,0.3356555597571369,0.1790711686767519,14.935344063261896,11.115110891577926,103.76447635627795,5.263901346373707,31.18974496287653,13.175000000000002,13.216666666666667,37.1,26.8,2.7,9.050000000000002,92.5,58.3
C041,2018,5.166666666666667,85.86666666666666,1.0069250719478682,0.3337275147516998,0.1785853592259361,14.833333333333334,10.333333333333334,71.95,10.0,42.1,12.616666666666667,11.008333333333333,34.7,27.3,-0.3,8.908333333333331,96.5,55.1
C042,2018,0.16666666666666666,79.12500000000001,0.9645836674320926,0.31975316757817823,0.1792173652237046,15.333333333333334,10.416666666666666,83.26666666666668,7.8,41.3,12.42645320905587,15.058333333333335,34.3,23.6,5.2,17.483333333333334,125.3,78.3
C043,2018,1.0833333333333333,89.45833333333333,1.1580181368017592,0.34443504651753365,0.1754734609429811,15.916666666666666,12.416666666666666,116.78333333333335,18.5,73.4,11.299999999999999,13.541666666666666,37.3,26.9,1.5,5.849999999999999,92.2,50.8
C044,2018,3.75,88.83333333333333,0.984014910723959,0.35371099416510304,0.1793835924219925,15.75,11.666666666666666,101.24166666666667,7.8,57.9,12.541534890198541,10.125000000000002,32.0,22.9,-0.1,11.484672506401523,80.03841551118407,40.31172550184528
C045,2018,1.4166666666666667,90.69245547449812,1.0010637113676584,0.337950311497159,0.1937785430395059,16.666666666666668,11.333333333333334,95.16666666666667,4.3,31.3,12.36924902345831,11.25,33.6,23.6,0.6,19.659557288814803,127.4,80.9
C046,2018,3.3975165564239886,84.97161484151599,0.970027061478224,0.32445970837525645,0.1851703224865677,18.25,13.833333333333334,115.075,13.2,49.6,12.273186504579547,9.716858012513782,29.5,19.0,-1.8,23.066896804242845,115.2,81.4
C047,2018,4.666666666666667,89.50833333333333,0.9478919964353436,0.31587016638763615,0.1882814604421259,17.416666666666668,11.25,89.875,11.1,55.8,12.33175318881181,9.166666666666666,30.8,22.9,-2.1,20.14166666666667,118.4,70.7
C048,2018,4.666666666666667,85.86666666666667,1.1033335667376334,0.3215852739003455,0.1773796042112592,15.666666666666666,10.333333333333334,62.400000000000006,12.3,22.7,12.016666666666666,9.583333333333334,31.9,23.3,-2.0,17.633333333333333,105.8,70.9
C049,2018,4.5,77.65833333333335,0.9564597592192954,0.3443869058121312,0.1847950400404057,13.583333333333334,10.083333333333334,62.59166666666667,6.9,28.5,12.505914000177354,11.466666666666667,36.5,27.4,0.1,10.61207856645204,81.19895986221866,40.206844440149474
C050,2018,1.8333333333333333,76.14166666666667,1.0220741750270266,0.3302242908537569,0.1792652608802371,12.333333333333334,7.416666666666667,55.175000000000004,12.4,40.4,12.874999999999998,12.950000000000001,37.0,29.5,1.6,9.749999999999998,99.7,54.2
C051,2018,1.4166666666666667,75.40833333333335,1.219,0.2305,0.1625402285643544,15.25,11.083333333333334,81.89999999999999,13.2,36.2,12.413442496422768,13.958333333333334,37.1,27.3,2.2,6.308333333333333,93.6,51.8
C052,2018,1.4166666666666667,80.66666666666666,2.246,0.39575,0.1471912360256155,18.416666666666668,14.416666666666666,194.50000000000003,8.9,167.3,12.508298718724612,12.633333333333333,34.1,24.9,1.2,11.014692955152881,77.10511142484594,40.36064337659554
C054,2018,3.9166666666666665,83.7297155984338,3.067,0.30951906575495475,0.1402160223049731,17.333333333333332,12.083333333333334,134.07500000000002,14.4,115.9,11.575000000000001,11.100000000000001,34.5,24.9,0.1,6.066666666666666,65.9,42.9
C055,2018,5.083333333333333,81.25833333333334,1.959,0.19884461437806825,0.1462988501959651,14.75,10.5,86.575,8.6,37.7,12.503287801626294,10.825000000000003,33.9,25.2,-0.2,11.011318840325865,80.99821571277369,40.22420044120664
C056,2018,3.0833333333333335,80.61666666666667,1.945,0.6260833333333334,0.1721744301854239,14.0,9.75,62.15833333333334,5.6,27.3,12.55232062285719,11.658333333333333,35.3,26.2,0.3,7.841666666666666,80.3,50.8
C057,2018,0.5,73.85,6.436,0.7423333333333332,0.1678599610693571,16.083333333333332,11.666666666666666,121.5,12.4,42.2,11.65,14.866666666666667,37.9,25.6,3.5,7.333333333333332,87.8,53.4
C058,2018,1.8948937281354343,81.51905607774957,1.1185623632160868,0.34200109210951224,0.1847378713713094,18.166666666666668,14.75,177.77499999999998,8.8,177.8,11.408333333333333,11.760464862155715,32.3,22.7,0.4,8.98333333333333,88.6,56.5
C059,2018,1.4166666666666667,79.65833333333335,1.078208057618412,0.36067472824610264,0.1917859696786436,14.416666666666666,10.333333333333334,106.14999999999996,5.1,52.7,12.54279084086752,12.808333333333332,35.3,25.5,1.7,7.908333333333332,101.2,62.3
C060,2018,2.4166666666666665,72.23333333333333,1.0382111405480583,0.31644919874650285,0.17466704925795,11.75,7.916666666666667,44.833333333333336,8.5,25.8,14.174999999999997,12.325000000000003,35.3,28.4,0.8,10.975000000000001,109.8,55.4
C061,2018,0.4166666666666667,82.12777822334557,1.0652562392654708,0.3314390282343716,0.1816290516688921,15.916666666666666,12.75,111.73333333333333,12.3,43.3,12.086274485615855,13.700000000000001,36.0,24.8,3.0,12.816666666666668,118.1,70.7
C063,2018,1.25,81.825,3.99,0.26533333333333337,0.1685374376271249,16.75,12.5,131.075,8.8,80.2,12.518818027147645,14.091666666666667,36.3,26.3,2.3,11.218443615997373,75.40673408799904,40.38838718039932
C064,2018,0.16666666666666666,79.31666666666665,1.0052766971174552,0.3411915177337857,0.1792561294972864,16.666666666666668,12.833333333333334,113.27500000000002,8.3,56.5,12.48075346707101,14.733333333333333,33.5,24.2,4.2,13.6,113.4,64.5
C065,2018,1.8333333333333333,83.39166666666667,1.0993767222372526,0.330798312458573,0.1766350672740478,17.083333333333332,12.333333333333334,112.56666666666668,10.1,52.3,11.483333333333334,11.391666666666667,32.3,22.6,0.0,14.916666666666666,141.1,81.4
C066,2018,1.75,85.65833333333335,0.9481969658630764,0.31931040171863295,0.1861193315870674,15.624013208969549,11.22370127834862,109.44305056956671,4.3492133093373,27.34451291506981,12.324835058631912,11.025,33.7,23.3,0.3,20.425,112.0,75.2
C067,2018,0.75,78.60000000000001,1.406,0.30516666666666664,0.1499482924942027,15.583333333333334,11.083333333333334,104.05833333333335,19.3,51.7,12.560572071037305,13.85,37.7,27.1,2.4,6.666666666666667,81.4,45.7
C068,2018,3.3333333333333335,79.13333333333333,0.9617191728316148,0.3367959759440164,0.1870780870412064,15.083333333333334,11.25,104.10833333333335,8.4,42.3,12.48998966355291,11.683333333333335,34.9,25.4,0.1,13.316666666666665,110.5,57.4
C069,2018,0.16666666666666666,84.34166666666667,1.034147203083981,0.3304909609392656,0.1756755713703526,16.166666666666668,12.25,130.875,12.1,80.7,12.216666666666663,15.174999999999997,31.1,24.7,5.3,11.391666666666666,106.9,64.8
C070,2018,3.8333333333333335,82.43995833458611,0.9895842960008524,0.3328420707825861,0.1901679644040524,16.5,10.0,62.44999999999999,9.6,34.3,12.375621363718752,9.775,32.6,23.0,-1.6,18.49355308741799,97.9,64.2
C071,2018,1.0,85.40000000000002,0.9734150038373948,0.326787821232389,0.182151042516398,15.687797996187008,11.200081911729995,110.0567367693841,4.375578358723523,26.68457060097738,12.323209543756668,12.025,32.4,21.5,1.3,21.000000000000004,118.8,74.7
C072,2018,4.083333333333333,86.11666666666666,0.9626217049628945,0.31210686653222125,0.187144782165332,16.583333333333332,12.083333333333334,86.39166666666665,11.4,40.1,12.27914011688245,9.549999999999999,31.5,21.8,-1.2,23.15833333333333,149.8,83.7
C074,2018,0.6666666666666666,83.63333333333334,0.939,0.2101666666666667,0.1687387107004679,17.0,12.75,128.26666666666665,8.1,49.2,12.527859125598136,14.283333333333331,35.2,26.9,2.6,11.38771668029632,76.69658046892593,40.45470127433258
C075,2018,0.9166666666666666,84.32499999999999,1.0299862105338076,0.3445804708473792,0.1844886057369617,17.416666666666668,13.25,132.725,13.2,53.3,12.588704599068187,13.666666666666666,38.4,29.3,2.4,5.316666666666667,76.7,47.0
C076,2018,3.4166666666666665,83.39999999999999,3.169,0.19708333333333336,0.1537885620606338,14.166666666666666,9.916666666666666,67.85833333333333,12.0,28.3,12.531116512152911,11.833333333333336,36.4,27.8,0.2,11.250021251113829,80.06632102800552,40.21431465101547
C077,2018,1.0,88.23333333333333,2.032,0.4744999999999999,0.1862469771394325,17.416666666666668,14.166666666666666,143.80833333333334,8.9,93.5,12.542014097092595,13.716666666666669,35.2,24.9,2.5,11.774961412567647,77.02174142902471,40.43610388836316
C078,2018,0.3333333333333333,82.29166666666666,3.486,0.6540833333333332,0.1802174839790625,17.75,13.833333333333334,134.14166666666662,8.7,57.6,12.527071525728358,13.85,34.0,25.1,3.1,11.304215099588006,76.73525644758787,40.32914767337687
C079,2018,0.75,83.48333333333332,3.564,0.51325,0.1908004567877291,16.833333333333332,12.583333333333334,129.03333333333336,11.2,75.8,12.539515239153504,13.700000000000001,38.4,25.8,2.3,11.240879186578892,79.58182250145936,40.281935061733705
C080,2018,1.4166666666666667,89.23333333333333,1.599,0.4155,0.1824413707996281,18.083333333333332,14.0,213.08333333333334,6.8,127.8,12.54686167429835,13.266666666666667,35.7,25.9,1.8,11.71445210449079,76.94241320931317,40.4366811641867
C084,2018,0.5,78.98213561318913,0.9907580011450112,0.36323843617843016,0.1766604537610157,16.666666666666668,13.666666666666666,140.24166666666667,6.2,67.4,12.518997441053573,14.258333333333333,34.8,24.4,3.3,11.035466487106556,75.95846304410856,40.303872650484266
C0A0,2018,2.782791081818053,81.98328042847017,1.55,0.2949841205413203,0.154285855933762,14.333333333333334,10.416666666666666,94.22083333333335,10.2,91.3,12.537325247263373,11.582164071276111,33.4,25.4,-1.0,11.11248658279886,80.17665705923963,40.24129196437109
C0A1,2018,5.166666666666667,80.53333333333335,0.873,0.24325,0.1812869552773395,15.296731460890202,11.044001551503627,106.06500225079276,4.447229133754002,30.253990901118264,12.498029769099274,10.466666666666667,33.3,25.7,-0.5,10.922601074475464,80.4083443940727,40.21447797157864
C0A2,2018,4.75,84.075,1.692,0.32635658911478216,0.1543926198147481,15.451515403050683,11.10069772942782,104.11839214573125,4.953799867504862,29.92063404635829,12.531110677209911,11.049999999999999,33.3,24.6,-0.5,11.232829941339388,81.08094821622372,40.258698427518745
C0A3,2018,5.333333333333333,83.23333333333333,1.669,0.5594166666666666,0.1951608735319656,15.409026662535176,10.996237100202103,104.51723363451718,4.934396732528352,29.269434600719062,12.517008117453274,11.058333333333332,34.1,28.1,-0.6,11.084948201292605,80.81378041282083,40.21520797427786
C0A4,2018,4.75,80.16666666666666,1.574,0.30058333333333337,0.1426084297296669,15.219503963604213,10.998571302659585,105.47230959049257,4.543076819111679,29.96234272202849,12.498966207167483,11.241666666666667,37.4,27.6,0.0,10.905757244806884,80.10424599813066,40.215859988785255
C0AA,2018,3.6666666666666665,87.19166666666666,2.9410000000000003,0.33075000000000004,0.1798927136101806,13.916666666666666,9.416666666666666,66.23333333333333,10.5,36.0,12.941666666666668,11.391666666666667,35.2,26.0,0.2,9.225,96.5,51.2
C0B1,2018,0.4166666666666667,81.475,3.5460000000000003,0.5355,0.1708707941997061,16.5,12.166666666666666,115.99166666666666,7.7,48.4,12.524971676967406,13.933333333333332,36.8,25.2,3.1,11.294892091035825,76.80488236855254,40.41838541416103
C0B3,2018,0.9166666666666666,82.38333333333334,2.912,0.4553333333333333,0.175978112101801,16.416666666666668,12.75,125.71666666666668,12.5,80.1,12.529121681420959,13.766666666666666,36.9,26.7,2.0,11.225111021245722,76.18932669603424,40.40933155630322
C0B4,2018,0.75,82.44189363879413,1.617,0.19063272036963783,0.1581417494827764,15.666666666666666,11.75,104.20833333333333,8.7,42.4,12.610156430933486,13.483333333333333,37.5,27.2,2.3,5.091666666666666,70.6,37.1
C0B6,2018,1.6666666666666667,85.5447748537948,0.9988161954985344,0.3726365565062397,0.1786100127175378,17.083333333333332,13.333333333333334,132.86666666666667,11.9,58.4,12.531709480563485,13.308333333333335,35.9,27.4,1.6,11.451997541980916,77.72572328155795,40.42748974868112
C0B7,2018,1.0,79.49166666666666,1.212,0.2576666666666667,0.1655940562212032,16.416666666666668,12.583333333333334,128.36666666666665,10.9,71.2,12.519171819260627,13.675000000000002,37.0,26.6,2.2,11.036586551502388,76.64277191449939,40.3020920075348
C0B9,2018,0.9166666666666666,82.38333333333334,2.86,0.540873725822083,0.1866093551400559,16.666666666666668,11.666666666666666,108.03333333333335,6.2,54.0,12.532105873430739,14.133333333333335,37.0,26.1,2.9,11.319287365124303,76.19442639475808,40.42079086609581
C0BA,2018,0.3333333333333333,83.825,1.812,0.2950833333333333,0.1740236830743718,17.5,13.0,126.33333333333336,20.1,60.5,12.53107552911221,14.516666666666664,32.5,25.4,3.7,11.430960359565054,76.06973915736587,40.411125576151065
C0BD,2018,1.0,83.99166666666666,1.055,0.2444166666666667,0.1703361771964277,17.583333333333332,13.666666666666666,151.64999999999995,10.0,54.1,12.53237117824026,13.141666666666666,34.7,25.0,1.9,11.40420067610741,77.50328060715232,40.371897923669216
C0BE,2018,0.25,83.35570913794497,1.484,0.31200000000000006,0.169201551306659,16.916666666666668,12.833333333333334,121.4833333333333,8.8,40.6,12.538635519877774,14.558333333333332,34.7,25.5,3.3,11.379410977083092,76.00343490559695,40.4173490688316
C0C1,2018,0.25,78.35000000000001,3.139,0.7635833333333334,0.1577489683252049,15.666666666666666,10.25,92.175,8.6,35.4,12.527505489136525,14.558333333333335,38.6,27.9,3.4,10.931500576855539,77.67797994390814,40.31100087613462
C0C2,2018,1.9166666666666667,81.3,1.712,0.36274999999999996,0.1756062946117002,14.75,10.25,94.15833333333336,7.9,38.1,12.528161234938656,13.083333333333334,36.8,26.6,1.7,11.147541582391758,77.79397796928528,40.30034995067127
C0C3,2018,0.5833333333333334,81.73333333333333,1.0396349157793896,0.34094097793698896,0.1861541289891171,15.416666666666666,11.416666666666666,109.06666666666668,6.0,42.0,12.596352166967725,13.941666666666665,38.9,27.5,2.8,6.066666666666666,70.2,44.0
C0C4,2018,1.0075710770553412,80.0185091069202,1.635,0.43791666666666657,0.1797208858303496,15.18199863407346,11.221666347426405,110.58534650660933,3.4289565208195545,29.828186386866104,12.544779780343193,12.969818421807043,26.722881211923816,18.224141141235187,8.39614702359015,11.086671896789055,74.898141424968,40.183609933415084
C0D0,2018,1.3333333333333333,80.68918284339121,0.698,0.12774999999999997,0.1336713626081921,18.0,13.166666666666666,113.45000000000003,7.4,49.0,12.520631939737264,12.666666666666666,35.0,26.7,1.5,11.106348499658822,77.03285364059126,40.27814590226528
C0D1,2018,1.0833333333333333,82.79166666666667,2.276,0.3699166666666666,0.1768589066657467,16.833333333333332,12.416666666666666,110.46666666666664,4.0,47.0,12.531060812181218,13.475,36.4,26.8,1.9,11.261453374425665,76.6992568978217,40.33903608648927
C0D2,2018,1.0833333333333333,81.53333333333335,1.773,0.4668333333333334,0.1855772082142941,16.75,12.5,116.57499999999999,5.0,49.9,12.524573966258268,13.466666666666669,37.8,26.8,2.0,11.174737881744699,76.04438775427023,40.24002079473086
C0D3,2018,1.5833333333333333,83.80833333333332,0.547,0.12116666666666669,0.1616828277338727,18.0,13.666666666666666,136.79166666666666,11.1,48.6,12.528213873517968,12.091666666666667,33.9,24.5,1.1,11.328288390038503,77.55674227659772,40.33373385118245
C0DB,2018,2.5,82.28333333333333,1.258,0.2663333333333333,0.1705015533746719,17.25,12.333333333333334,126.25,6.5,63.2,12.514855434604897,12.15,36.2,26.4,0.7,11.123671285368196,77.88473360312264,40.314072025482645
C0DC,2018,0.4166666666666667,89.35833333333333,1.39,0.2700833333333334,0.1823152657798969,17.25,13.5,141.66666666666666,7.3,93.9,11.116666666666667,15.141666666666667,39.4,28.1,3.4,11.806097657835553,84.69464033059928,40.44949973005818
C0DD,2018,0.6666666666666666,82.34166666666668,2.424,0.5394166666666667,0.1742314164458568,18.0,13.25,130.30833333333334,8.3,55.2,12.53054335738115,13.708333333333334,33.4,24.4,2.7,11.281357577811944,76.41261035104866,40.35466656965857
C0DE,2018,1.4166666666666667,86.65833333333332,0.782,0.17591666666666664,0.1702573640438258,17.833333333333332,13.0,134.10833333333335,5.9,83.9,12.535761158278289,12.358333333333334,33.5,24.1,1.3,11.557733778406991,78.16470855258572,40.36213861656944
C0E1,2018,1.25,82.43032233535213,1.293,0.3060833333333333,0.1650794388101343,16.666666666666668,11.833333333333334,109.61666666666666,9.2,54.7,12.52692600287021,13.533333333333333,35.7,26.7,1.5,11.227042674908354,76.4002991925522,40.32412005792491
C0E5,2018,1.1666666666666667,81.26273677767954,1.452,0.2975833333333333,0.1564137340273828,16.583333333333332,12.083333333333334,105.35000000000002,14.4,67.6,12.52616832530721,13.333333333333334,34.9,26.2,1.6,11.19560129685249,77.28515455011235,40.34130695342037
C0E7,2018,1.0833333333333333,83.01666666666667,1.26,0.22025000000000003,0.1620493154780064,16.166666666666668,12.166666666666666,111.33333333333333,9.9,77.1,12.526510059885645,13.750000000000002,37.2,27.6,1.8,11.317266333244918,78.334132691022,40.372816645552376
C0E8,2018,1.0,84.39652948937807,2.208,0.4035,0.1833947965077999,17.0,12.916666666666666,139.98333333333335,9.2,95.6,12.529492206450888,13.233333333333334,35.6,26.0,2.0,11.43300989171584,77.97228351641911,40.367201962037534
C0E9,2018,0.75,88.83333333333333,2.715,0.5173333333333333,0.1782739728554933,17.083333333333332,12.666666666666666,127.09166666666664,7.9,70.8,12.54257176052159,13.983333333333334,37.9,27.6,2.5,11.786100878774052,79.01735477926559,40.43991475979082
C0EA,2018,1.0,85.95,1.165,0.2810833333333333,0.1759011451036296,17.75,14.166666666666666,146.20833333333334,7.4,91.3,12.530551236145605,13.658333333333333,36.4,26.3,2.2,11.527360981218637,77.77999433928244,40.43199033182324
C0EC,2018,0.4166666666666667,81.66666666666667,4.3260000000000005,0.6815000000000001,0.1788855481603878,17.583333333333332,13.5,141.28333333333333,8.5,91.7,10.658333333333333,14.225000000000003,34.8,25.1,3.1,6.091666666666666,76.7,42.7
C0F0,2018,0.5833333333333334,88.60833333333333,2.068,0.6108333333333332,0.186852681027208,17.333333333333332,13.5,150.47499999999997,13.5,102.1,12.535870451976493,13.725,31.4,24.8,2.9,11.877426357775237,77.91071835434853,40.42420095515648
C0F1,2018,2.25,84.14999999999999,1.0208541804023803,0.363439158281901,0.1870550548359652,19.0,15.083333333333334,252.24166666666667,7.7,163.4,12.503993829425369,11.5,33.4,23.3,0.2,11.165606706356142,80.54136996441152,40.36304107634085
C0F4,2018,0.6666666666666666,80.38333333333334,1.884,0.3505833333333334,0.1800332834859246,16.416666666666668,13.083333333333334,140.325,8.6,71.4,12.523593493113589,14.566666666666665,33.8,25.8,3.3,11.151360297436126,76.13151135130038,40.391863483649765
G059,2018,1.0075710770553412,80.0185091069202,1.042693261671687,0.3423541935138492,0.1846951340143702,15.18199863407346,10.956584868024734,104.04116586272079,4.139249251173712,28.831954585103684,12.233333333333334,12.947871476771086,26.85147243808229,18.527025345349248,8.23623704909307,10.821191296302189,78.75124766130416,40.24058262446261
C002,2019,0.6666666666666666,80.34166666666668,1.193836156821459,0.3251737984199204,0.1787833884841928,15.583333333333334,11.166666666666666,125.72500000000002,9.5,66.6,12.808333333333332,14.333333333333334,39.4,26.1,4.3,5.075,117.7,42.0
C003,2019,0.6666666666666666,76.73333333333333,1.1678055852241085,0.32976604403438575,0.1845509737036973,15.25,11.166666666666666,117.89166666666667,7.3,55.6,11.758333333333333,14.041666666666666,41.0,26.3,3.9,6.283333333333334,92.2,42.1
C007,2019,0.23887553705294287,75.9146736888376,1.093156812343543,0.3391397162552677,0.1795862917303869,15.062019642129512,11.025999724367011,104.77540372671973,4.716598928059037,30.74367381277525,12.633333333333333,15.27822449164588,37.7,23.8,8.472092414159281,13.058333333333335,140.4,67.0
C009,2019,0.16666666666666666,74.02499999999999,5.474,0.8373333333333334,0.319,15.083333333333334,11.583333333333334,113.55,5.9,51.1,12.5021327844941,14.866666666666669,40.4,27.2,4.8,10.572021776400137,74.97420446329001,40.21707262356625
C00A,2019,3.8333333333333335,79.90448927980749,1.033998839578597,0.3516442876514286,0.1660974227745848,15.007829575941097,10.83408608216375,105.02786484842078,4.871420723865532,30.8021651200668,14.625,12.299999999999999,40.2,29.7,0.2,11.258333333333333,92.9,48.8
C00B,2019,5.916666666666667,76.00000000000001,1.085351970012215,0.32984135341014015,0.1733774470275806,12.5,8.583333333333334,66.95833333333333,6.1,31.5,13.500000000000002,10.891666666666666,38.0,27.0,-0.5,7.074999999999999,93.6,52.0
C016,2019,3.3333333333333335,77.1324933552572,1.036459756383023,0.3317053691003968,0.177774764497858,12.916666666666666,9.166666666666666,62.29166666666668,5.4,34.2,14.08333333333333,11.708333333333334,38.8,27.5,0.5,9.016666666666664,90.7,45.4
C017,2019,0.3333333333333333,87.24166666666667,1.0252660864886756,0.36699269192226475,0.1818496683657103,16.916666666666668,12.75,153.58333333333334,8.0,70.5,12.579718285533284,14.20833333333333,41.1,25.5,4.1,9.175,111.6,50.4
C018,2019,0.0,76.28045591851759,1.0822841040030575,0.34578255914212436,0.1708601694939926,14.971632085582621,10.950929387706168,103.40424114597748,5.008706555839352,29.96227807481004,13.283333333333331,16.090516728477876,36.6,25.3,8.62132063334815,12.958333333333334,122.0,66.0
C019,2019,0.0,81.14166666666667,1.0591856448888304,0.31284493169258876,0.1756425170064362,16.25,12.166666666666666,115.075,9.4,88.7,12.125,13.625,36.0,24.0,4.4,28.0,168.8,92.9
C020,2019,5.916666666666667,75.59166666666667,0.9849659954512252,0.32642468816273407,0.1815427942650466,11.833333333333334,7.833333333333333,55.449999999999996,7.5,48.2,13.933333333333332,11.408333333333333,39.3,28.4,-0.5,9.416666666666666,97.2,52.4
C021,2019,4.25,81.464195504767,0.9359445587621262,0.33439139767324777,0.1860198082094604,15.279710832448211,10.936945842202903,106.57460997206589,3.7610224171258944,29.608241589987163,12.395116004595513,9.983333333333334,37.5,25.8,-0.4,16.158333333333335,108.7,58.9
C022,2019,2.25,85.53333333333335,1.1750396380928132,0.34155345455554564,0.1775261436509595,17.0,12.5,146.75833333333335,6.7,78.8,12.391666666666671,10.1,34.5,22.5,1.2,8.916666666666668,107.6,46.1
C023,2019,1.5833333333333333,76.025,1.1506542261986905,0.3239341871669771,0.1786596750171392,15.083333333333334,11.583333333333334,126.05,5.1,69.7,12.65,12.558333333333332,40.1,26.9,2.1,6.208333333333333,95.4,49.1
C024,2019,8.416666666666666,80.61666666666666,0.9820211894789546,0.3525481930428887,0.1775859038935027,14.75,10.583333333333334,86.73333333333333,7.6,41.6,14.7540132513709,9.266666666666667,35.6,24.6,-1.5,13.408333333333333,96.1,56.3
C025,2019,2.5833333333333335,84.49999999999999,0.9567684615349548,0.3333601750235464,0.186412231565904,15.503684186615125,10.914478999016753,107.83538148988707,3.932360786085578,29.141657503477177,12.407598196899665,10.591666666666667,36.5,24.8,1.4,17.591666666666665,123.5,60.1
C026,2019,2.25,75.60833333333333,1.0085019039351757,0.33307637473938595,0.160014242051925,17.333333333333332,13.333333333333334,180.67499999999995,7.3,83.9,12.52895340105348,12.116666666666667,37.7,25.7,1.3,6.441666666666666,96.5,41.5
C028,2019,0.4166666666666667,76.925,1.008627101822866,0.34336058113995876,0.1683834141805002,16.416666666666668,11.75,135.31666666666666,7.1,76.4,12.511443022976726,12.433333333333335,36.7,25.1,2.2,9.166666666666668,103.0,60.5
C029,2019,0.3333333333333333,80.45833333333333,1.0809518388072992,0.3395351795368749,0.1819345927118815,16.833333333333332,11.5,120.83333333333333,7.3,51.3,11.9,14.399999999999999,40.7,25.5,4.2,8.700000000000001,107.3,51.8
C030,2019,5.583333333333333,77.90401843354202,1.0902597739751667,0.3328147586546346,0.1796225128827578,13.916666666666666,9.333333333333334,85.09166666666665,9.1,45.1,14.124999999999998,11.450000000000001,38.7,29.4,-0.4,8.141666666666666,82.8,41.9
C031,2019,0.25,64.18333333333334,1.1970613719901593,0.31349986170808125,0.1550991229890138,9.416666666666666,5.916666666666667,41.25833333333333,5.9,40.1,15.416666666666664,14.308333333333335,42.6,31.1,3.5,14.066666666666668,103.7,54.1
C032,2019,1.1666666666666667,77.05833333333334,1.265,0.27125,0.094,15.0,10.5,99.89999999999999,8.1,50.5,12.57019367699651,13.624999999999998,40.7,27.5,3.1,4.758333333333334,82.4,34.6
C033,2019,0.9166666666666666,78.26736478644737,0.9848924400220112,0.3399263976253875,0.165145090347637,15.833333333333334,12.333333333333334,125.325,8.0,55.2,12.543114793329599,14.066666666666668,40.2,27.6,3.6,7.466666666666666,97.9,41.8
C034,2019,5.166666666666667,77.89166666666667,1.0653646850878793,0.33558336812340167,0.1774716299159265,11.916666666666666,8.5,61.349999999999994,12.4,34.3,12.542433125494682,11.950000000000001,39.9,29.4,-0.6,5.925000000000001,92.2,40.7
C035,2019,4.916666666666667,79.83333333333333,1.145346961472679,0.3320473436401219,0.1775983772383768,14.916666666666666,11.333333333333334,102.15833333333335,8.3,67.4,13.841666666666667,10.691666666666668,36.4,24.6,0.1,6.641666666666667,73.4,39.0
C036,2019,0.5833333333333334,77.37500000000001,1.0972176432431715,0.3314236051811536,0.1795627215810889,15.083333333333334,11.0,124.76666666666665,6.9,65.1,12.866666666666665,13.816666666666663,40.1,26.7,3.1,8.766666666666666,101.2,47.0
C037,2019,0.05598526250077562,75.86742630753108,1.07579382279052,0.3357440629387847,0.1777566123024441,15.5,11.916666666666666,114.68333333333334,6.3,61.3,12.733333333333333,14.476180340698425,39.2,26.2,5.6,9.700418650548537,105.8,54.1
C038,2019,0.0,71.18333333333334,0.9889626073169466,0.3395586841744805,0.1658383896663925,14.5,10.583333333333334,93.80833333333334,6.3,36.9,12.508328570014863,15.766666666666666,41.5,27.0,6.5,8.771092382234093,89.6,51.1
C039,2019,0.16666666666666666,71.175,1.1306656886273991,0.3265841034829288,0.1761671826658459,14.0,10.583333333333334,88.35833333333333,5.5,38.0,12.791666666666666,15.04166666666667,39.7,25.3,5.2,11.791666666666664,103.0,55.4
C040,2019,0.8333333333333334,78.77499999999999,1.0359856879673068,0.33449892689284494,0.163642405121975,14.893348724662259,11.211306357060018,106.39491536522524,4.261783300043916,31.593579574069302,14.308333333333332,12.858333333333333,38.6,26.0,3.5,9.341666666666667,114.5,52.3
C041,2019,6.0,82.275,1.1079499549129088,0.33983099580862314,0.1792156246703013,11.75,8.333333333333334,65.88333333333334,10.5,33.3,15.29166666666667,11.191666666666668,39.5,28.2,-0.5,9.233333333333333,109.4,52.9
C042,2019,0.0,78.9394237185242,0.9766837025574024,0.32720691198062657,0.1795968754380544,14.416666666666666,10.333333333333334,80.59166666666665,6.1,34.0,12.44473858440599,14.924999999999999,39.1,23.8,6.6,17.908333333333335,146.9,72.5
C043,2019,0.9166666666666666,87.72499999999998,1.1710554524848882,0.33971020011191055,0.1748500322333611,15.916666666666666,10.333333333333334,99.425,6.6,70.4,12.541666666666666,13.450000000000001,40.0,27.0,2.6,6.016666666666667,100.8,41.7
C044,2019,3.6666666666666665,86.11666666666666,1.0016375489378724,0.3538922081293192,0.1783308371451579,14.5,10.666666666666666,125.28333333333332,11.0,105.4,12.546145321023433,9.975,35.6,23.1,0.6,11.360857369254141,80.99366737828272,40.237154072950695
C045,2019,0.3333333333333333,86.875,0.9824246587122708,0.3284092200691682,0.1840638622543328,15.083333333333334,11.166666666666666,105.625,4.3,62.8,12.35545165505731,11.541666666666666,35.6,23.7,2.7,21.124999999999996,149.0,79.7
C046,2019,1.8333333333333333,81.67500000000001,0.9728072696405708,0.3135862897807886,0.1822656196310409,16.833333333333332,12.916666666666666,112.2,4.4,45.8,12.213177963809272,9.775,33.0,19.7,0.6,27.241666666666664,146.2,80.3
C047,2019,3.0833333333333335,81.28333333333332,0.9696863916122658,0.3109680598977222,0.1722533228493876,15.25,10.75,83.90833333333333,5.4,51.0,12.32545293934203,9.275,34.6,22.8,0.0,20.641666666666666,119.2,74.7
C048,2019,3.5833333333333335,78.16666666666666,1.05650498040453,0.32161949712432913,0.1757405346376302,14.166666666666666,9.416666666666666,68.725,5.5,38.4,13.525,10.033333333333333,35.9,24.1,-0.3,17.74166666666667,112.7,75.4
C049,2019,6.333333333333333,74.12499999999999,0.9539996357579416,0.3447339780181751,0.1625094626368183,12.416666666666666,9.0,65.74999999999999,9.9,33.7,12.47230125409253,11.283333333333331,39.9,27.6,-1.2,10.348979719645875,83.54620893523234,40.20478630670355
C050,2019,2.9166666666666665,73.66753923790576,1.0353937538240787,0.329115086118981,0.1796874612416551,11.0,6.833333333333333,46.01666666666667,6.0,26.9,14.325000000000001,12.693151704898874,41.3,29.7,0.8,10.024999999999999,121.7,47.6
C051,2019,1.25,72.25833333333333,2.343,0.2038333333333333,0.064,13.583333333333334,9.833333333333334,81.89166666666667,8.2,46.4,13.988628578569221,13.916666666666666,40.0,28.5,2.9,6.375,94.3,43.3
C052,2019,0.5833333333333334,80.39999999999999,1.996,0.37425,0.132,18.166666666666668,13.25,197.72500000000002,10.2,80.4,12.51833756723101,12.666666666666664,37.8,25.1,2.5,10.973178062354185,76.18881160892519,40.28595853550046
C054,2019,4.333333333333333,81.825,2.966,0.20299999999999999,0.0,16.333333333333332,12.083333333333334,133.00833333333333,13.2,66.2,12.700000000000001,11.041666666666666,36.7,25.2,0.1,5.941666666666666,74.2,37.4
C055,2019,5.75,77.39166666666667,1.983,0.24018655415369072,0.004,13.583333333333334,9.416666666666666,84.81666666666668,13.9,49.9,12.486975455106018,11.008333333333335,38.6,26.7,-0.6,10.547945166560266,82.74898430366748,40.21034815292698
C056,2019,3.5833333333333335,77.69166666666666,1.7619999999999998,0.4239166666666667,0.084,13.166666666666666,9.166666666666666,68.51666666666667,6.6,44.8,12.525743688968527,11.516666666666666,39.2,26.4,0.4,8.075000000000001,92.9,47.2
C057,2019,0.5,80.29166666666667,10.354,0.9042775025271507,0.1808721780469596,16.166666666666668,12.0,123.625,9.5,46.7,12.549999999999997,14.708333333333336,40.2,26.1,4.5,7.358333333333333,118.8,52.1
C058,2019,0.776432366269781,78.18341171992981,1.1442179925267832,0.3316644325843264,0.1767579918393091,16.916666666666668,13.166666666666666,148.32500000000002,9.8,71.8,12.791666666666664,11.40799832543779,35.1,22.4,1.7,8.933333333333332,104.0,49.7
C059,2019,0.75,78.42500000000001,0.9464365125340845,0.3382325129097237,0.1795987712870861,12.75,9.583333333333334,91.68333333333334,4.8,57.7,12.561118878831467,12.891666666666666,38.0,25.8,2.8,8.108333333333334,132.5,57.1
C060,2019,2.5,66.36666666666667,1.037676811462814,0.3067877815763297,0.1560353891514285,9.75,6.583333333333333,47.38333333333333,6.8,24.2,15.150000000000004,12.724999999999996,40.6,29.7,0.9,11.333333333333336,113.8,53.3
C061,2019,0.16666666666666666,80.8,0.9804639238370888,0.3448122145572399,0.1877317872170816,15.416666666666666,11.25,100.19166666666666,7.6,51.6,12.506406452323183,14.412869813861306,39.8,24.9,5.0,12.200000000000001,117.7,69.7
C063,2019,1.3333333333333333,79.83333333333333,1.622,0.24274999999999994,0.036,16.0,11.416666666666666,140.03333333333333,6.8,72.3,12.527297716737039,13.81666666666667,40.2,26.5,2.5,10.93515487597442,75.61364739058294,40.304712276719954
C064,2019,0.0,77.19166666666668,0.9724339390929986,0.3361956633780443,0.1796279544415774,15.166666666666666,11.333333333333334,110.78333333333332,6.5,34.0,12.483469574844563,14.633333333333335,38.9,23.9,5.4,13.808333333333335,113.4,63.2
C065,2019,0.6666666666666666,80.525,1.0586851372713784,0.32265475773895763,0.1765929660080026,15.75,11.083333333333334,125.46666666666665,9.4,101.7,12.800000000000002,11.725000000000001,35.0,22.8,2.9,16.177574907592007,154.4,82.3
C066,2019,0.5,79.72499999999998,0.9721044762418004,0.3180831646784216,0.179268671172237,15.245988322128682,11.036097060312722,107.02554078556632,4.004794987749725,27.582063660625,12.366609561810202,11.408333333333333,35.9,23.2,2.0,19.941666666666666,133.2,69.4
C067,2019,0.8333333333333334,74.24999999999999,1.602,0.21741666666666667,0.054,14.25,10.5,95.4833333333333,7.6,47.2,12.546559731649658,13.758333333333335,40.4,27.6,3.2,6.916666666666668,86.0,36.7
C068,2019,2.9166666666666665,75.38333333333334,0.9905637323042066,0.3502887639146873,0.1683514058879368,13.916666666666666,10.083333333333334,103.91666666666667,4.6,65.5,12.47633790758359,11.833333333333334,39.2,26.6,0.6,13.733333333333334,97.9,54.6
C069,2019,0.0,84.23333333333333,1.083186243638291,0.3347245123972867,0.1804842768992154,15.333333333333334,11.666666666666666,130.20000000000002,7.3,88.0,12.958333333333334,14.774999999999999,36.4,24.9,6.6,11.091666666666669,131.4,64.5
C070,2019,2.0,79.43333333333334,0.9887908276644792,0.30702318230312714,0.1619760010330153,14.25,8.25,55.87500000000001,2.9,33.0,12.251931425816252,10.341666666666667,36.8,24.1,0.5,25.958333333333332,119.9,71.8
C071,2019,0.5,80.08941367371753,1.0361881992250772,0.33074629452358295,0.1810225414862139,15.3346061270642,11.231651000995923,108.5722874623513,4.166376145908972,28.59449613547402,12.424788412793966,12.57920068085211,35.9,21.7,2.6,17.734155629405915,137.2,68.1
C072,2019,2.0833333333333335,81.14166666666667,0.9560532502293676,0.3160188322309479,0.1666127309406088,15.416666666666666,11.166666666666666,85.625,7.2,69.3,12.27153705121311,9.975,34.3,22.4,0.7,23.83333333333333,169.6,76.8
C074,2019,0.5833333333333334,81.69999999999999,1.693,0.18075,0.07,16.166666666666668,11.583333333333334,125.94166666666668,5.1,67.2,12.547364628940583,14.175000000000002,44.6,28.2,3.7,11.156143769906116,76.403560650131,40.33903608648927
C075,2019,0.5,83.29166666666667,1.0323723860699014,0.33483032609436436,0.1820787542649195,16.25,11.5,133.43333333333334,5.1,81.3,12.61204589535859,13.516666666666666,42.4,28.5,3.2,5.633333333333334,95.4,39.7
C076,2019,4.833333333333333,79.44166666666665,2.616,0.1498333333333333,0.017,12.416666666666666,9.25,70.05833333333334,8.3,35.2,12.507415960449883,11.741666666666667,39.4,28.3,0.0,10.654061856075822,82.63212439629233,40.184808797859525
C077,2019,0.5833333333333334,89.23333333333335,1.624,0.4310833333333333,0.188,16.583333333333332,12.833333333333334,139.78333333333333,6.3,44.9,12.559280399208339,13.450000000000001,38.0,24.8,3.5,11.78500935911854,77.96941546142476,40.45291308319862
C078,2019,0.3333333333333333,79.56666666666668,4.12,0.5314166666666668,0.21,15.916666666666666,11.833333333333334,115.14999999999999,4.9,53.5,12.540956622479415,13.708333333333334,40.1,25.3,4.2,10.995777249855188,75.69064426453595,40.28386777582854
C079,2019,0.75,77.425,3.845,0.44125,0.195,15.5,11.916666666666666,126.36666666666666,7.7,84.4,12.52305337722593,13.466666666666667,39.3,25.9,3.2,10.742568424701616,75.63530050907735,40.20375847129639
C080,2019,1.0833333333333333,87.10833333333335,1.665,0.3895,0.173,18.5,14.0,207.97500000000002,8.1,100.5,12.537582580184946,13.008333333333333,37.2,25.4,3.0,11.566506875742979,77.53899555567477,40.43805831441722
C084,2019,0.3333333333333333,76.36666666666666,0.9938024760600236,0.3555377862732758,0.1721326320564454,16.333333333333332,12.583333333333334,149.5,6.2,52.1,12.510238721516172,14.141666666666667,39.3,24.4,4.0,10.775280037246537,75.31652501347749,40.28733723034016
C0A0,2019,2.998183350117289,80.92695575156377,1.661,0.2973692727913539,0.032,12.958333333333334,9.583333333333334,91.97916666666667,12.9,71.8,12.53475674343965,11.60139120531752,36.8,26.7,-0.3,10.993117657259289,83.02521658310798,40.21323440089867
C0A1,2019,6.0,76.83333333333333,0.5329999999999999,0.22675,0.174,15.02590586767868,11.078701062715504,108.78468155759923,4.05456812550832,29.49326464199984,12.48346634526746,10.391666666666667,36.6,26.2,-1.3,10.730908867273078,80.79227888945974,40.243501003219606
C0A2,2019,4.583333333333333,77.9863338589579,2.216,0.231,0.0,14.970051169150574,11.020271707564278,108.0082527550008,4.239740097916743,30.509398170105545,12.505357262497732,11.258333333333333,36.6,25.8,0.0,10.873531985922034,79.54917453149764,40.18797664557097
C0A3,2019,5.166666666666667,82.975,1.654,0.5211666666666667,0.38,15.193662874769565,11.035896829604333,105.94660923864701,4.718167601434716,29.71170812744188,12.522337048575052,11.41666666666667,39.4,28.9,-0.1,11.182298024858268,78.95230220839134,40.21401680373575
C0A4,2019,6.0,75.875,1.6880000000000002,0.24699999999999997,0.0069999999999999,14.86692433018167,11.059322148622778,108.36343735353718,4.330006876069509,29.581871936150943,12.480558344849541,11.241666666666667,39.4,28.1,-0.5,10.668998112716762,79.53805835587451,40.22447122868213
C0AA,2019,2.392429197965107,76.30679109802219,2.798,0.3016666666666667,0.0,13.166666666666666,9.166666666666666,73.825,12.1,48.7,14.166666666666664,12.670854415389053,39.2,27.0,0.9,9.608333333333333,88.2,45.4
C0B1,2019,0.3333333333333333,83.25000000000001,3.865,0.4036666666666666,0.022,15.166666666666666,11.416666666666666,106.89999999999999,6.1,41.6,12.546780308446394,13.808333333333332,38.0,25.6,4.2,11.424262457247549,78.18008464755316,40.33614347064766
C0B3,2019,1.0833333333333333,78.25833333333333,2.821,0.36775,0.086,14.666666666666666,12.083333333333334,118.11666666666666,4.7,62.3,12.523636858367533,13.658333333333333,39.4,27.1,3.3,10.845314763468684,75.78571339254287,40.193218131107294
C0B4,2019,0.8333333333333334,79.45833333333333,2.08,0.11783333333333333,0.0,15.666666666666666,11.333333333333334,94.10833333333333,8.5,47.5,12.59297786539607,13.108333333333333,39.7,26.7,2.9,5.008333333333333,69.5,32.9
C0B6,2019,1.0833333333333333,83.975,1.023836298551959,0.35423544268750734,0.1767568761955146,15.833333333333334,11.666666666666666,131.21666666666667,6.3,82.0,12.54035753801078,13.216666666666669,39.6,27.3,2.9,11.333593901756025,77.43830707716374,40.34239572803124
C0B7,2019,0.9166666666666666,77.1,1.294,0.22716666666666663,0.071,16.416666666666668,11.666666666666666,132.5,8.4,90.9,12.516131022057044,13.341666666666669,39.7,26.6,3.4,10.741491092064637,75.7649358500601,40.237986748445074
C0B9,2019,0.75,80.81666666666666,2.436,0.5061666666666667,0.297,15.666666666666666,10.833333333333334,93.26666666666667,4.7,38.5,12.532926511741957,13.966666666666667,39.6,26.4,3.4,11.146410265925821,76.16230816690246,40.32368526501237
C0BA,2019,0.16666666666666666,81.51666666666667,2.226,0.25,0.104,14.5,11.416666666666666,117.39999999999999,7.2,46.5,12.545825701429166,14.833333333333334,40.2,26.1,4.7,11.265566670214687,76.14657314463048,40.39122669665741
C0BD,2019,1.0833333333333333,82.24166666666667,1.485,0.21916666666666662,0.107,16.0,11.583333333333334,141.33333333333334,4.0,63.1,12.54217284846824,13.166666666666666,39.5,25.5,2.9,11.103342974762212,76.75939166611364,40.30951015341398
C0BE,2019,0.16666666666666666,84.85833333333333,1.655,0.2690833333333333,0.107,14.916666666666666,11.083333333333334,118.06666666666668,6.5,54.5,12.55376892132906,14.608333333333334,41.9,25.6,5.2,11.551846633357222,77.14960531720959,40.42037860116246
C0C1,2019,0.04259788988343962,75.46315795739649,3.796,0.6491666666666667,0.0,14.5,9.916666666666666,95.40000000000002,3.7,48.1,12.531779777487978,14.17687988050996,41.1,28.2,3.1,10.623604880664873,76.19108421457263,40.19409342907198
C0C2,2019,2.0,79.51833259267171,2.256,0.3345833333333333,0.236,13.833333333333334,9.166666666666666,103.49166666666666,5.8,64.7,12.540850363796272,13.016666666666667,39.4,27.0,1.6,10.89907945104608,77.40054054917871,40.20266860380167
C0C3,2019,0.75,80.12842866695708,1.0658145356624595,0.3336574915267015,0.1759835934163015,14.583333333333334,10.416666666666666,107.37500000000001,6.3,58.5,12.588153056037052,13.983333333333334,41.4,27.9,2.9,6.116666666666666,72.7,39.5
C0C4,2019,1.0075710770553412,80.0185091069202,1.863,0.3426666666666667,0.0,15.18199863407346,11.221666347426405,110.58534650660933,3.4289565208195545,29.828186386866104,12.544779780343193,12.969818421807043,26.722881211923816,18.224141141235187,8.39614702359015,11.086671896789055,74.898141424968,40.183609933415084
C0D0,2019,1.3333333333333333,76.78333333333332,0.8420000000000001,0.11558333333333336,0.026,16.583333333333332,11.916666666666666,112.44999999999999,13.7,55.4,12.501368349267912,12.658333333333333,38.2,27.2,2.5,10.724812718320372,76.19389016601396,40.2231838406455
C0D1,2019,1.0833333333333333,80.72280037803094,2.1,0.31349999999999995,0.001,15.166666666666666,11.083333333333334,120.51666666666667,8.8,66.0,12.54237809354016,13.441666666666668,39.5,27.6,2.4,10.970075111801599,78.07807433635836,40.24808675844344
C0D2,2019,0.75,80.55,1.949,0.40700000000000003,0.184,15.583333333333334,11.5,120.97500000000001,8.5,67.7,12.541985269379552,13.466666666666669,40.7,27.6,3.0,11.001378488467793,78.1116738000213,40.26811462737545
C0D3,2019,0.8333333333333334,83.44166666666668,0.75,0.1160833333333333,0.005,17.333333333333332,12.416666666666666,141.6,7.3,68.3,12.535040263599356,12.041666666666666,37.8,25.0,2.4,11.261110028494464,77.22801255444327,40.305620944071656
C0DB,2019,1.5833333333333333,80.09166666666665,1.366,0.232,0.078,16.0,11.666666666666666,140.525,12.3,79.8,12.516855983756143,11.824999999999998,37.6,26.0,1.7,11.042083513377065,77.09941315357909,40.25362520238061
C0DC,2019,0.6666666666666666,85.54268000388807,0.985,0.22591666666666665,0.107,15.25,10.833333333333334,120.66666666666667,5.8,89.3,12.116666666666665,14.328875010675409,42.5,28.1,4.2,11.299176757114926,85.89899087024301,40.34685320783415
C0DD,2019,0.5,81.04166666666666,1.802,0.45449999999999996,0.209,15.166666666666666,11.75,109.90000000000002,12.2,34.6,12.533367892567504,13.5,39.3,24.2,3.8,11.221686277841151,75.84931644006241,40.33692163309539
C0DE,2019,1.3333333333333333,83.26959293043056,0.794,0.15008333333333332,0.057,15.916666666666666,11.416666666666666,116.33333333333333,7.3,59.4,12.535321821048527,12.266666666666666,37.7,25.5,2.2,11.236229214096733,79.28146713590868,40.26952969338981
C0E1,2019,1.5,80.7803996743559,1.317,0.2711666666666667,0.1,16.416666666666668,10.75,100.53333333333335,6.2,55.4,12.522890739053446,13.116666666666669,39.1,26.3,2.6,11.03363875299605,76.16146874789172,40.31592016493895
C0E5,2019,0.9166666666666666,80.97500000000001,1.557,0.2574166666666666,0.089,16.166666666666668,10.75,96.0,8.5,47.3,12.530800359783342,13.199999999999998,38.6,26.7,2.8,11.110542020240397,76.38899250196755,40.32188002489029
C0E7,2019,0.8333333333333334,79.55,1.355,0.19000000000000003,0.074,15.583333333333334,10.333333333333334,105.7,10.6,63.5,12.533248732475164,13.691666666666668,39.8,27.7,2.9,10.961003422911674,76.34572710677375,40.23922928452833
C0E8,2019,0.9166666666666666,82.83333333333333,1.6969999999999998,0.3719166666666667,0.151,16.833333333333332,11.75,130.48333333333332,11.2,67.1,12.531753196612366,13.1,39.2,26.0,3.1,11.199716338405063,77.21353173564742,40.33180955957919
C0E9,2019,0.5,87.71666666666668,3.092,0.44141666666666673,0.196,16.25,11.25,120.89166666666667,9.0,63.8,12.558807580538748,13.858333333333334,41.9,27.5,3.4,11.648290382686453,78.4360981963652,40.44113581706339
C0EA,2019,0.8333333333333334,85.041818831514,0.969,0.25625000000000003,0.134,16.416666666666668,12.333333333333334,137.5666666666667,8.7,55.7,12.527251409374536,13.383333333333331,39.7,26.3,3.3,11.46785977054626,79.31868241978377,40.46638388215425
C0EC,2019,0.3333333333333333,79.65833333333335,3.448,0.60225,0.246,16.333333333333332,12.833333333333334,144.01666666666668,6.6,48.7,11.791666666666664,13.975,40.8,25.0,3.9,6.183333333333334,80.6,39.7
C0F0,2019,0.4166666666666667,90.81666666666666,2.028,0.5704166666666666,0.272,16.916666666666668,13.416666666666666,160.40833333333336,8.5,68.1,12.554220568661213,13.475,35.6,24.2,4.0,12.02749002110671,78.49147078132617,40.48635562057152
C0F1,2019,0.9166666666666666,79.40833333333333,1.0008453833543325,0.35950047229635573,0.1765370372192035,17.916666666666668,14.666666666666666,251.73333333333335,12.6,116.0,12.501582225443817,11.683333333333335,34.7,23.0,1.3,10.778515690215434,78.06863135297918,40.24404090241534
C0F4,2019,0.3333333333333333,78.46666666666667,2.353,0.3246666666666666,0.146,16.083333333333332,12.166666666666666,151.425,8.8,83.3,12.519080340348815,14.308333333333332,39.7,25.4,4.2,10.943004517465939,75.6294140051846,40.31935473459795
G059,2019,1.0075710770553412,80.0185091069202,1.05668228840556,0.3429772234807607,0.1864401524775276,15.18199863407346,10.880439524865112,102.7369578412164,4.1500554294142,29.093302719757386,13.316666666666668,12.961675761680803,26.86884049058977,18.60655646138441,8.136689333002863,10.746590811682502,78.8841742503515,40.23245717872479
